City Name,Latitude,Longitude,Max Temp,Humidity,Cloudiness,Wind Speed,Country,Date
castro,-24.79,-50.01,66.22,59,49,8.59,BR,1604257475
tuktoyaktuk,69.45,-133.04,6.8,92,75,10.29,CA,1604257505
springdale,36.19,-94.13,57.99,30,1,8.05,US,1604257506
ahipara,-35.17,173.17,62.87,89,100,6.53,NZ,1604257478
ushuaia,-54.8,-68.3,57.2,58,75,8.05,AR,1604257452
hobart,-42.88,147.33,55.4,87,90,4.7,AU,1604257506
jalu,29.03,21.55,66.38,50,0,5.28,LY,1604257493
rikitea,-23.12,-134.97,74.89,85,69,18.68,PF,1604257480
lyngseidet,69.58,20.22,41.0,78,75,18.34,NO,1604257507
roma,43.21,-75.46,48.2,70,90,14.99,US,1604257507
vaini,-21.2,-175.2,73.4,88,75,8.05,TO,1604257506
nenjiang,49.18,125.22,22.87,95,100,12.06,CN,1604257508
cherskiy,68.75,161.3,5.49,94,100,7.27,RU,1604257508
calama,-22.47,-68.93,71.6,14,0,21.92,CL,1604257508
bambous virieux,-20.34,57.76,71.6,64,40,10.29,MU,1604257509
nikolskoye,59.7,30.79,34.0,100,90,8.95,RU,1604257509
caravelas,-17.71,-39.25,69.91,93,100,12.41,BR,1604257509
severo-kurilsk,50.68,156.12,40.37,76,1,3.4,RU,1604257509
pevek,69.7,170.31,15.4,89,100,13.87,RU,1604257509
atar,20.52,-13.05,86.77,14,100,9.46,MR,1604257510
constitucion,-35.33,-72.42,60.46,70,62,8.21,CL,1604257256
leningradskiy,69.38,178.42,14.02,82,85,5.84,RU,1604257510
yerbogachen,61.28,108.01,5.58,93,0,7.11,RU,1604257436
puerto ayora,-0.74,-90.35,78.8,69,75,20.8,EC,1604257307
touros,-5.2,-35.46,84.2,66,40,16.11,BR,1604257511
butaritari,3.07,172.79,81.68,78,1,10.4,KI,1604257511
atuona,-9.8,-139.03,78.19,77,14,14.56,PF,1604257511
lavrentiya,65.58,-171.0,21.78,89,0,4.03,RU,1604257511
hithadhoo,-0.6,73.08,83.39,73,100,11.21,MV,1604257512
klaksvik,62.23,-6.59,44.6,93,99,6.93,FO,1604257512
beira,-19.84,34.84,77.0,78,20,12.75,MZ,1604257512
port elizabeth,-33.92,25.57,66.2,77,0,14.99,ZA,1604257477
quelimane,-17.88,36.89,75.2,88,20,3.36,MZ,1604257487
kapaa,22.08,-159.32,73.99,94,1,5.82,US,1604257513
kansanshi,-12.1,26.43,67.46,44,0,4.52,ZM,1604257513
mehamn,71.04,27.85,37.4,86,0,19.46,NO,1604257513
wajir,1.75,40.06,84.25,50,54,10.92,KE,1604257328
codrington,-38.27,141.97,48.0,82,56,8.12,AU,1604257513
lompoc,34.64,-120.46,75.2,28,1,3.36,US,1604257514
albany,42.6,-73.97,48.99,75,100,5.01,US,1604257258
east london,-33.02,27.91,62.6,88,75,11.41,ZA,1604257514
mataura,-46.19,168.86,48.99,80,41,4.0,NZ,1604257474
busselton,-33.65,115.33,53.01,95,88,6.85,AU,1604257514
tasiilaq,65.61,-37.64,32.0,96,99,1.12,GL,1604257387
buta,2.79,24.73,72.05,95,100,1.21,CD,1604257515
wahiawa,21.5,-158.02,73.4,94,1,3.36,US,1604257515
san rafael,-34.62,-68.33,85.42,14,0,15.99,AR,1604257236
isangel,-19.55,169.27,76.05,80,13,14.25,VU,1604257516
takaka,-40.85,172.8,55.99,74,100,3.0,NZ,1604257516
saint-philippe,-21.36,55.77,69.8,64,40,6.93,RE,1604257516
cap malheureux,-19.98,57.61,66.99,69,26,3.0,MU,1604257516
bucerias,20.75,-105.33,87.04,64,0,6.2,MX,1604257516
tazovskiy,67.47,78.7,22.59,98,98,16.4,RU,1604257517
coquimbo,-29.95,-71.34,60.8,67,20,12.75,CL,1604257283
shimoda,34.67,138.95,52.0,86,36,3.78,JP,1604257517
lebu,-37.62,-73.65,58.15,79,7,8.19,CL,1604257468
brora,58.01,-3.85,48.2,70,89,10.29,GB,1604257518
qunduz,36.73,68.86,50.76,42,0,2.57,AF,1604257518
fort morgan,40.25,-103.8,55.4,32,1,3.36,US,1604257352
yellowknife,62.46,-114.35,17.01,92,90,5.82,CA,1604257502
pacific grove,36.62,-121.92,72.0,42,1,5.46,US,1604257519
narsaq,60.92,-46.05,26.6,68,0,4.7,GL,1604257520
avarua,-21.21,-159.78,77.0,88,62,18.34,CK,1604257520
yar-sale,66.83,70.83,30.88,98,100,19.19,RU,1604257520
katherine,-14.47,132.27,75.2,41,13,2.93,AU,1604257511
inhambane,-23.86,35.38,75.2,69,20,2.24,MZ,1604257521
nchelenge,-9.35,28.73,77.9,56,49,6.35,ZM,1604257521
bredasdorp,-34.53,20.04,64.4,88,9,8.05,ZA,1604257521
takhtamygda,54.1,123.57,10.71,84,100,13.8,RU,1604257521
tadine,-21.55,167.88,75.13,82,0,14.38,NC,1604257521
angoche,-16.23,39.91,79.0,77,100,1.25,MZ,1604257522
chuy,-33.7,-53.46,64.81,48,0,10.18,UY,1604257522
concord,37.98,-122.03,73.99,34,0,4.23,US,1604257522
jamestown,42.1,-79.24,43.0,93,90,13.87,US,1604257425
mar del plata,-38.0,-57.56,68.0,49,20,12.75,AR,1604257454
new norfolk,-42.78,147.06,51.01,78,100,1.97,AU,1604257523
paamiut,61.99,-49.67,26.17,95,98,5.57,GL,1604257523
alofi,-19.06,-169.92,73.4,94,36,11.41,NU,1604257524
dese,11.13,39.63,48.6,73,0,3.27,ET,1604257524
san patricio,28.02,-97.52,82.99,44,20,9.17,US,1604257524
pisco,-13.7,-76.22,64.99,82,90,8.05,PE,1604257473
punta arenas,-53.15,-70.92,55.4,66,75,14.99,CL,1604257330
thayetmyo,19.32,95.18,74.98,93,100,0.98,MM,1604257525
provideniya,64.38,-173.3,21.88,86,0,2.06,RU,1604257525
brownsville,25.9,-97.5,82.4,42,1,13.87,US,1604257293
rehoboth,-23.32,17.08,75.43,17,0,13.49,NA,1604257526
guerrero negro,27.98,-114.06,81.19,35,13,7.87,MX,1604257526
hermanus,-34.42,19.23,64.99,79,0,5.99,ZA,1604257455
chokurdakh,70.63,147.92,0.54,94,100,10.51,RU,1604257527
ndioum,16.51,-14.65,95.0,26,0,6.35,SN,1604257527
the valley,18.22,-63.06,86.0,66,20,19.46,AI,1604257304
lodeynoye pole,60.73,33.55,31.42,97,0,5.06,RU,1604257528
cape town,-33.93,18.42,66.99,82,0,11.41,ZA,1604257516
iqaluit,63.75,-68.51,12.2,78,20,2.24,CA,1604257268
atyashevo,54.56,46.07,39.4,92,100,11.36,RU,1604257529
shache,38.42,77.24,34.45,84,0,0.87,CN,1604257529
vicuna,-30.03,-70.71,81.0,16,0,5.99,CL,1604257529
inawashiro,37.57,140.12,53.01,86,100,1.99,JP,1604257530
tuatapere,-46.13,167.68,48.99,80,16,4.0,NZ,1604257530
arraial do cabo,-22.97,-42.03,71.6,73,75,25.28,BR,1604257530
nekhayevskiy,50.41,41.76,48.99,81,38,1.01,RU,1604257530
shelburne,44.08,-80.2,42.01,85,95,21.65,CA,1604257348
kruisfontein,-34.0,24.73,66.0,73,22,5.01,ZA,1604257479
bluff,-46.6,168.33,48.99,80,100,4.0,NZ,1604257531
barentu,15.11,37.59,79.93,40,0,9.26,ER,1604257531
green river,41.53,-109.47,50.0,31,1,9.17,US,1604257440
grindavik,63.84,-22.43,37.4,93,75,8.05,IS,1604257532
klyuchi,52.27,79.17,34.9,85,82,8.28,RU,1604257532
aykhal,66.0,111.5,1.4,84,0,6.71,RU,1604257532
barrow,71.29,-156.79,28.4,74,75,17.22,US,1604257533
beringovskiy,63.05,179.32,23.09,96,100,4.27,RU,1604257533
bethlehem,-1.46,-48.5,87.8,58,40,8.05,BR,1604257313
cayenne,4.93,-52.33,82.4,78,82,9.17,GF,1604257533
norman wells,65.28,-126.83,5.0,71,75,8.05,CA,1604257509
mbaiki,3.87,17.99,72.61,88,57,2.26,CF,1604257534
oum hadjer,13.3,19.7,87.13,24,5,10.54,TD,1604257534
port hedland,-20.32,118.57,73.4,78,1,6.93,AU,1604257534
wagar,16.15,36.2,85.87,47,0,17.83,SD,1604257535
guerrero,17.67,-100.0,81.34,48,0,4.92,MX,1604257535
carnarvon,-24.87,113.63,68.0,64,40,19.46,AU,1604257454
kodiak,57.79,-152.41,28.4,58,20,8.05,US,1604257509
qaanaaq,77.48,-69.36,0.99,74,0,7.54,GL,1604257536
havoysund,71.0,24.66,39.2,86,40,18.34,NO,1604257504
port lincoln,-34.73,135.87,62.42,67,86,10.65,AU,1604257536
sur,22.57,59.53,69.82,49,0,3.8,OM,1604257537
emerald,-23.53,148.17,68.0,45,0,9.17,AU,1604257538
mwene-ditu,-7.0,23.45,66.96,93,23,2.01,CD,1604257538
zaysan,47.47,84.87,33.17,84,11,2.3,KZ,1604257538
sungurlu,40.17,34.37,45.16,61,0,1.07,TR,1604257539
bengkulu,-3.8,102.27,75.16,88,100,4.9,ID,1604257539
hamilton,39.18,-84.53,51.8,29,40,25.28,US,1604257378
konya,38.17,32.5,50.0,61,40,13.87,TR,1604257539
kachug,53.96,105.88,14.31,87,0,0.81,RU,1604257540
lebanon,36.21,-86.29,60.8,45,1,10.29,US,1604257540
magistralnyy,56.17,107.45,14.04,89,0,1.72,RU,1604257531
deputatskiy,69.3,139.9,-14.6,88,93,6.38,RU,1604257540
esperance,-33.87,121.9,62.6,100,90,5.82,AU,1604257541
colares,38.8,-9.45,64.99,88,75,2.24,PT,1604257541
souillac,-20.52,57.52,71.6,64,40,10.29,MU,1604257541
walvis bay,-22.96,14.51,57.2,82,7,6.93,NA,1604257541
ballina,-28.87,153.57,60.8,93,1,5.82,AU,1604257542
meulaboh,4.14,96.13,76.66,87,100,3.4,ID,1604257542
marawi,8.0,124.29,75.99,88,100,1.01,PH,1604257489
quatre cocos,-20.21,57.76,71.6,64,40,10.29,MU,1604257542
bethel,41.37,-73.41,48.99,94,100,8.7,US,1604257543
khatanga,71.97,102.5,1.63,92,100,4.88,RU,1604257543
dingle,11.0,122.67,75.58,87,100,5.3,PH,1604257543
naryan-mar,67.67,53.09,28.2,98,100,15.99,RU,1604257543
nioaque,-21.14,-55.83,86.0,38,60,7.83,BR,1604257544
peniche,39.36,-9.38,66.0,89,100,4.0,PT,1604257464
victoria point,-27.58,153.3,68.0,73,0,1.99,AU,1604257483
chimbote,-9.09,-78.58,66.65,70,100,11.86,PE,1604257545
araria,26.15,87.52,76.62,82,0,4.41,IN,1604257545
shingu,33.73,135.98,58.57,86,0,5.41,JP,1604257545
taoudenni,22.68,-3.98,85.01,14,100,10.11,ML,1604257466
chara,56.91,118.26,-8.39,80,4,0.89,RU,1604257546
palmer,42.16,-72.33,53.6,58,90,11.41,US,1604257546
bubaque,11.28,-15.83,84.06,74,0,14.09,GW,1604257472
knysna,-34.04,23.05,62.6,93,20,11.41,ZA,1604257546
sao filipe,14.9,-24.5,79.75,73,0,10.63,CV,1604257547
merauke,-8.47,140.33,79.25,82,53,10.31,ID,1604257547
trapani,37.83,12.67,68.0,82,0,11.41,IT,1604257547
hilo,19.73,-155.09,75.99,69,90,4.7,US,1604257259
port alfred,-33.59,26.89,66.9,78,84,22.28,ZA,1604257548
bermejo,-32.88,-68.8,86.0,13,0,8.05,AR,1604257548
soke,13.6,-5.94,86.43,15,0,8.41,ML,1604257548
myingyan,21.47,95.38,78.8,94,75,2.24,MM,1604257549
los llanos de aridane,28.66,-17.92,82.4,23,0,8.05,ES,1604257549
yaan,7.38,8.57,80.06,70,100,5.77,NG,1604257549
ketchikan,55.34,-131.65,53.6,100,90,23.04,US,1604257549
calvinia,-31.47,19.78,71.13,20,0,5.55,ZA,1604257550
safford,32.83,-109.71,75.2,22,1,14.99,US,1604257550
caronport,50.45,-105.82,44.6,45,0,12.75,CA,1604257550
nome,64.5,-165.41,12.2,85,20,3.36,US,1604257443
viedma,-40.81,-63.0,87.01,17,0,12.37,AR,1604257551
gujar khan,33.26,73.3,62.01,38,0,6.93,PK,1604257551
monywa,22.12,95.13,76.15,91,100,2.91,MM,1604257551
thompson,55.74,-97.86,19.4,85,90,10.29,CA,1604257499
tiksi,71.69,128.87,-6.72,90,0,6.87,RU,1604257552
rotenburg,53.12,9.4,61.0,67,100,25.99,DE,1604257552
tanggu,39.02,117.65,44.6,56,0,6.71,CN,1604257552
eichenzell,50.49,9.7,57.99,90,100,5.01,DE,1604257553
nigde,37.83,34.75,45.79,67,98,4.36,TR,1604257320
sao gabriel da cachoeira,-0.13,-67.09,75.79,87,98,3.38,BR,1604257553
saint simons,31.14,-81.39,71.6,94,75,12.75,US,1604257553
luderitz,-26.65,15.16,67.28,47,81,13.06,NA,1604257471
lukovetskiy,64.3,41.92,30.2,92,75,4.47,RU,1604257554
nola,40.92,14.53,62.01,78,59,2.3,IT,1604257554
sillod,20.3,75.65,68.0,68,40,5.66,IN,1604257555
iwaki,37.05,140.88,62.01,94,100,11.03,JP,1604257466
ayan,56.45,138.17,27.0,98,100,22.75,RU,1604257555
fort walton beach,30.41,-86.62,77.0,53,1,8.05,US,1604257273
defiance,41.33,-84.45,39.2,44,90,23.04,US,1604257555
upernavik,72.79,-56.15,16.77,94,100,3.62,GL,1604257474
san lawrenz,36.06,14.2,66.0,82,20,4.7,MT,1604257556
zatoka,46.07,30.47,50.0,100,90,11.18,UA,1604257556
beyneu,45.32,55.2,51.87,41,100,14.07,KZ,1604257557
aksha,50.28,113.29,17.92,86,0,12.1,RU,1604257557
berlevag,70.86,29.09,37.4,86,0,19.46,NO,1604257482
zhigansk,66.77,123.37,-3.05,92,87,16.31,RU,1604257511
envira,-7.3,-70.22,87.08,51,100,2.8,BR,1604257558
kaitangata,-46.28,169.85,51.01,61,4,4.0,NZ,1604257558
cabedelo,-6.98,-34.83,86.0,66,40,11.41,BR,1604257558
necochea,-38.55,-58.74,70.63,45,93,7.81,AR,1604257559
imbituba,-28.24,-48.67,71.6,46,40,16.11,BR,1604257559
kenora,49.82,-94.43,23.0,45,20,5.82,CA,1604257559
dikson,73.51,80.55,20.05,98,96,8.95,RU,1604257491
bodden town,19.28,-81.25,87.8,70,75,17.22,KY,1604257522
cabo san lucas,22.89,-109.91,90.0,59,48,1.99,MX,1604257535
camacha,33.08,-16.33,69.8,77,20,3.36,PT,1604257561
orikhove,45.13,33.63,52.65,79,86,7.16,UA,1604257561
san quintin,30.48,-115.95,77.68,36,0,9.22,MX,1604257561
puerto madero,14.72,-92.42,89.6,70,40,5.82,MX,1604257561
weihai,37.5,122.11,55.33,39,0,6.78,CN,1604257562
porto novo,6.5,2.6,82.4,78,40,11.41,BJ,1604257562
coari,-4.08,-63.14,92.71,44,56,2.13,BR,1604257328
palestine,31.92,35.2,75.2,69,40,2.24,PS,1604257384
mazatlan,23.22,-106.42,87.01,62,16,4.0,MX,1604257562
sidi ali,36.1,0.42,63.54,67,0,3.8,DZ,1604257563
am timan,11.03,20.28,86.72,33,82,5.08,TD,1604257563
te anau,-45.42,167.72,41.95,86,100,1.74,NZ,1604257532
maldonado,-34.67,-54.92,64.99,77,20,12.75,UY,1604257564
ancud,-41.87,-73.82,69.01,52,0,5.82,CL,1604257545
floro,61.6,5.03,48.2,81,100,24.16,NO,1604257564
ibra,22.69,58.53,59.67,37,0,1.68,OM,1604257564
torbay,47.67,-52.73,42.01,48,40,17.22,CA,1604257564
rajur,20.12,78.92,68.81,53,0,5.12,IN,1604257565
valparaiso,-33.04,-71.63,57.99,100,90,5.82,CL,1604257321
ribeira grande,38.52,-28.7,64.4,82,75,13.87,PT,1604257545
saint-augustin,51.23,-58.65,38.32,73,100,22.55,CA,1604257565
pangnirtung,66.15,-65.71,15.8,72,75,6.93,CA,1604257565
menongue,-14.66,17.69,77.04,34,93,1.97,AO,1604257566
riyadh,24.69,46.72,71.6,33,0,7.16,SA,1604257566
omboue,-1.57,9.26,75.16,93,100,3.69,GA,1604257566
bathsheba,13.22,-59.52,86.0,74,40,21.92,BB,1604257566
arlit,18.74,7.39,80.22,18,100,19.26,NE,1604257567
minab,27.15,57.08,69.8,73,0,6.93,IR,1604257567
rosetta,31.4,30.42,73.4,56,40,11.41,EG,1604257567
oksfjord,70.24,22.35,39.2,80,0,17.22,NO,1604257568
flinders,-34.58,150.86,60.01,85,78,1.99,AU,1604257568
sabang,5.89,95.32,81.77,78,98,14.05,ID,1604257478
ahuimanu,21.44,-157.84,79.0,88,20,1.63,US,1604257568
bismarck,46.81,-100.78,44.01,48,1,13.87,US,1604257270
sorland,67.67,12.69,48.2,81,0,20.8,NO,1604257569
grand gaube,-20.01,57.66,66.99,69,29,3.0,MU,1604257569
okahandja,-21.98,16.92,80.6,10,36,8.05,NA,1604257569
mount gambier,-37.83,140.77,46.4,100,40,5.82,AU,1604257569
black river,18.03,-77.85,86.0,66,40,12.75,JM,1604257570
newport,51.59,-3.0,63.0,98,100,5.01,GB,1604257570
mizan teferi,6.98,35.58,62.51,90,100,1.48,ET,1604257498
indramayu,-6.33,108.32,80.6,79,100,4.76,ID,1604257571
ponta do sol,32.67,-17.1,69.8,88,20,8.05,PT,1604257571
sakakah,29.97,40.21,78.8,19,0,4.7,SA,1604257571
tessalit,20.2,1.01,81.18,16,100,9.01,ML,1604257547
krasnoselkup,65.7,82.47,29.62,98,100,21.41,RU,1604257572
porto santo,33.07,-16.34,69.8,77,20,3.36,PT,1604257572
katsuura,35.13,140.3,59.0,67,40,2.24,JP,1604257504
ascension,30.22,-90.9,73.99,46,1,4.7,US,1604257573
karratha,-20.74,116.85,73.44,71,100,13.85,AU,1604257573
doha,25.29,51.53,82.4,58,0,5.82,QA,1604257434
tateyama,34.98,139.87,59.0,67,40,2.24,JP,1604257573
vallenar,-28.57,-70.76,82.9,15,0,10.45,CL,1604257573
tabou,4.42,-7.35,78.42,86,63,5.93,CI,1604257574
leh,34.17,77.58,31.05,66,29,3.33,IN,1604257574
mahebourg,-20.41,57.7,71.6,64,40,10.29,MU,1604257503
zhuanghe,39.7,122.99,39.0,50,0,5.08,CN,1604257574
hofn,64.25,-15.21,39.78,68,0,11.83,IS,1604257387
kitzbuhel,47.45,12.39,48.99,83,100,3.42,AT,1604257575
sorsk,54.0,90.25,26.64,93,99,3.31,RU,1604257575
santa rosa,14.31,121.11,77.0,94,90,6.93,PH,1604257576
goure,13.98,10.27,82.0,23,68,5.99,NE,1604257576
kismayo,-0.36,42.55,79.83,79,96,13.94,SO,1604257576
nemuro,43.32,145.57,57.07,84,100,23.4,JP,1604257576
san cristobal,7.77,-72.22,84.2,62,40,4.7,VE,1604257516
acapulco,16.86,-99.89,86.65,61,41,7.16,MX,1604257576
salisbury,51.07,-1.8,61.0,100,100,27.51,GB,1604257396
muborak,39.26,65.15,53.33,32,84,4.85,UZ,1604257577
hobyo,5.35,48.53,81.07,75,1,8.03,SO,1604257480
plettenberg bay,-34.05,23.37,63.88,85,0,11.18,ZA,1604257578
sungaipenuh,-2.08,101.38,64.53,92,100,0.51,ID,1604257578
kununurra,-15.77,128.73,78.8,74,77,2.24,AU,1604257578
sitka,57.05,-135.33,46.4,93,90,5.88,US,1604257578
ostrovnoy,68.05,39.51,37.38,89,100,16.2,RU,1604257573
fortuna,40.6,-124.16,62.6,59,1,4.7,US,1604257383
shiozawa,37.03,138.85,53.01,84,100,6.04,JP,1604257384
sioux lookout,50.1,-91.92,23.0,53,20,12.75,CA,1604257579
havre-saint-pierre,50.23,-63.6,37.4,55,20,13.87,CA,1604257579
huanan,46.22,130.52,31.37,90,0,8.12,CN,1604257580
sarospatak,48.32,21.58,48.2,81,75,4.7,HU,1604257580
acari,-15.43,-74.62,78.76,43,0,10.8,PE,1604257580
mahanoro,-19.9,48.8,67.66,73,85,2.98,MG,1604257580
gravdal,68.12,13.5,48.2,70,75,11.41,NO,1604257386
shenjiamen,29.96,122.3,65.28,85,100,12.64,CN,1604257581
saskylakh,71.92,114.08,-9.81,87,100,10.58,RU,1604257581
hambantota,6.12,81.12,80.6,94,90,3.36,LK,1604257581
gotsu,35.0,132.22,62.71,84,100,10.07,JP,1604257581
majene,-3.54,118.97,78.46,85,98,3.98,ID,1604257582
tiarei,-17.53,-149.33,82.4,69,75,4.7,PF,1604257582
suntar,62.14,117.63,0.32,92,0,5.44,RU,1604257582
fort nelson,58.81,-122.7,15.8,78,75,10.29,CA,1604257582
amapa,1.0,-52.0,94.14,37,100,4.45,BR,1604257582
bantry,51.68,-9.45,57.2,100,90,2.24,IE,1604257583
pangai,-19.8,-174.35,77.0,83,75,17.22,TO,1604257583
strezhevoy,60.73,77.59,30.2,86,90,8.95,RU,1604257583
kamiiso,41.82,140.65,56.1,90,100,3.98,JP,1604257584
potosi,-19.58,-65.75,56.59,36,0,8.61,BO,1604257584
westport,41.14,-73.36,53.01,93,100,14.83,US,1604257434
gbadolite,4.28,21.02,71.01,93,100,2.77,CD,1604257584
birao,10.28,22.79,80.35,35,0,2.06,CF,1604257585
anadyr,64.75,177.48,14.0,72,75,4.47,RU,1604257585
korla,41.76,86.15,40.73,64,0,3.47,CN,1604257585
jipijapa,-1.33,-80.58,86.0,58,40,12.75,EC,1604257585
vestmannaeyjar,63.44,-20.27,39.2,80,0,17.22,IS,1604257586
evensk,61.95,159.23,20.59,92,79,5.82,RU,1604257586
hasaki,35.73,140.83,55.4,100,40,2.24,JP,1604257586
cody,44.53,-109.06,55.0,39,1,4.7,US,1604257586
dwarka,22.24,68.97,82.08,50,0,9.91,IN,1604257587
tanout,14.97,8.89,79.79,18,0,10.94,NE,1604257587
xapuri,-10.65,-68.5,92.25,30,53,5.19,BR,1604257587
zabol,32.25,67.25,40.8,47,0,6.91,AF,1604257588
aranda de duero,41.67,-3.69,58.33,63,54,4.0,ES,1604257536
brokopondo,4.75,-55.17,92.32,48,65,5.59,SR,1604257588
gizo,-8.1,156.84,83.01,75,50,8.12,SB,1604257583
alcains,39.92,-7.46,66.99,79,100,1.48,PT,1604257589
krasnyy chikoy,50.36,108.75,9.7,90,49,3.06,RU,1604257589
sanmenxia,34.77,111.18,50.04,46,0,3.11,CN,1604257590
nisia floresta,-6.09,-35.21,84.2,70,40,16.11,BR,1604257590
ormara,25.21,64.64,76.71,42,0,8.75,PK,1604257326
vanimo,-2.67,141.3,78.6,82,100,5.19,PG,1604257591
tiznit,29.58,-9.5,72.79,28,0,0.85,MA,1604257465
byron bay,-28.65,153.62,60.8,93,3,5.82,AU,1604257591
akyab,20.15,92.9,77.52,87,90,8.12,MM,1604257591
acarau,-2.89,-40.12,84.99,66,0,18.95,BR,1604257592
audru,58.41,24.37,48.99,72,16,11.01,EE,1604257592
ambulu,-8.35,113.61,75.51,88,100,3.31,ID,1604257592
chegdomyn,51.12,133.02,29.91,96,100,1.83,RU,1604257592
vardo,70.37,31.11,39.2,86,75,28.86,NO,1604257466
odoyev,53.94,36.69,45.9,94,100,10.63,RU,1604257593
artyom,40.47,50.33,55.4,100,40,4.7,AZ,1604257593
portsmouth,50.8,-1.09,61.0,96,100,5.99,GB,1604257330
port hardy,50.7,-127.42,48.2,76,75,7.99,CA,1604257594
basco,20.45,121.97,80.04,81,100,28.95,PH,1604257554
turbat,26.0,63.04,62.65,23,0,5.19,PK,1604257594
ilulissat,69.22,-51.1,21.2,57,100,6.93,GL,1604257595
nyrob,60.73,56.72,25.2,97,75,2.53,RU,1604257595
poum,-20.23,164.02,76.64,76,0,15.52,NC,1604257595
port blair,11.67,92.75,80.4,78,100,3.09,IN,1604257595
san jose,37.34,-121.89,77.0,58,40,3.36,US,1604257530
katobu,-4.94,122.53,73.78,92,100,2.42,ID,1604257596
khasan,42.43,130.64,43.05,61,0,15.48,RU,1604257596
yanaul,56.27,54.93,29.89,94,0,8.61,RU,1604257596
georgetown,5.41,100.34,80.6,83,20,3.36,MY,1604257597
raudeberg,61.99,5.14,50.0,78,100,24.81,NO,1604257489
lorengau,-2.02,147.27,82.69,74,17,6.67,PG,1604257597
mahon,39.89,4.27,60.8,87,20,4.7,ES,1604257598
kapustin yar,48.58,45.74,49.46,47,8,6.13,RU,1604257598
estelle,29.85,-90.11,73.0,56,20,12.75,US,1604257598
hirara,24.8,125.28,76.37,71,4,14.81,JP,1604257598
katangli,51.71,143.23,41.76,89,100,5.75,RU,1604257599
pitimbu,-7.47,-34.81,86.0,66,40,11.41,BR,1604257599
nizhnyaya omka,55.43,74.94,35.82,92,100,14.09,RU,1604257599
morondava,-20.28,44.28,77.88,82,0,11.81,MG,1604257599
kavieng,-2.57,150.8,82.69,73,22,6.31,PG,1604257600
salalah,17.02,54.09,80.6,65,0,3.36,OM,1604257600
saint george,37.1,-113.58,70.0,17,1,3.53,US,1604257338
dali,25.7,100.18,59.02,86,91,3.09,CN,1604257600
bahua,25.85,80.63,71.17,22,0,5.99,IN,1604257600
salamiyah,35.01,37.05,62.15,86,5,5.12,SY,1604257601
jhalida,23.37,85.97,69.8,73,1,4.36,IN,1604257601
igrim,63.19,64.42,27.91,96,0,7.23,RU,1604257602
leeton,-34.57,146.4,59.0,67,0,8.05,AU,1604257602
abu samrah,35.3,37.18,63.21,68,38,4.36,SY,1604257602
namikupa,-10.83,39.6,71.56,86,90,3.36,TZ,1604257602
conde,-7.26,-34.91,86.0,66,40,11.41,BR,1604257603
geraldton,-28.77,114.6,57.2,93,75,13.87,AU,1604257603
baker city,44.77,-117.83,59.0,28,1,14.99,US,1604257603
padilla,3.22,-76.31,84.2,51,40,6.93,CO,1604257603
mattru,7.62,-11.83,76.77,92,19,4.7,SL,1604257604
hisai,34.67,136.47,59.0,67,75,5.82,JP,1604257604
hede,33.77,120.25,55.56,84,93,5.3,CN,1604257604
maragogi,-9.01,-35.22,80.1,74,79,13.15,BR,1604257515
kahului,20.89,-156.47,78.8,69,20,3.04,US,1604257605
cerrito,6.84,-72.69,73.4,69,75,3.36,CO,1604257605
sochi,43.6,39.73,57.2,93,90,8.95,RU,1604257605
mayor pablo lagerenza,-19.93,-60.77,92.12,22,0,9.66,PY,1604257605
kangasala,61.46,24.08,46.0,87,90,11.41,FI,1604257606
bilibino,68.05,166.44,5.54,83,99,0.96,RU,1604257606
gossaigaon,26.45,89.99,71.49,83,0,5.57,IN,1604257606
el tular,18.16,-93.35,75.2,100,90,16.37,MX,1604257607
misratah,32.38,15.09,70.79,57,0,8.3,LY,1604257607
aitape,-3.14,142.35,78.24,81,100,3.76,PG,1604257607
coahuayana,18.73,-103.68,91.33,50,0,5.28,MX,1604257608
saint anthony,45.02,-93.22,37.0,43,1,11.41,US,1604257608
rabo de peixe,37.8,-25.58,69.8,94,40,13.87,PT,1604257608
komsomolskiy,40.43,71.72,48.2,36,100,4.7,UZ,1604257608
marsh harbour,26.54,-77.06,81.28,79,10,11.39,BS,1604257608
novopokrovka,49.84,36.55,50.0,87,90,8.95,UA,1604257609
sampit,-2.53,112.95,75.16,94,76,1.01,ID,1604257609
margate,51.38,1.39,62.01,90,100,15.99,GB,1604257609
tezu,27.92,96.17,71.13,74,65,1.92,IN,1604257609
ovalle,-30.6,-71.2,79.39,26,0,9.06,CL,1604257609
toccoa,34.58,-83.33,71.6,37,1,10.29,US,1604257610
franca,-20.54,-47.4,72.03,68,0,10.0,BR,1604257610
lagoa,39.05,-27.98,65.16,76,100,16.64,PT,1604257386
santa marta,11.24,-74.2,82.94,76,91,7.58,CO,1604257611
petropavlovsk-kamchatskiy,53.05,158.65,30.2,80,24,6.71,RU,1604257611
kazerun,29.62,51.65,55.2,40,0,2.01,IR,1604257611
kudahuvadhoo,2.67,72.89,82.8,73,100,6.31,MV,1604257454
bakel,14.9,-12.46,88.16,13,30,4.74,SN,1604257612
kindersley,51.47,-109.17,46.4,42,75,16.11,CA,1604257612
shadrinsk,56.09,63.63,28.31,97,0,5.06,RU,1604257612
gualeguay,-33.14,-59.31,74.53,44,0,7.18,AR,1604257472
eidsvag,62.78,8.07,53.6,46,0,21.92,NO,1604257613
araouane,18.9,-3.53,88.74,13,90,6.29,ML,1604257613
pacatuba,-3.98,-38.62,86.0,66,40,18.34,BR,1604257613
lichuan,30.3,108.85,46.11,95,100,2.84,CN,1604257613
nastola,60.95,25.93,44.01,93,90,9.17,FI,1604257614
padang,-0.95,100.35,78.69,72,100,2.59,ID,1604257614
manavalakurichi,8.13,77.3,84.2,74,40,5.01,IN,1604257614
vostok,46.49,135.88,29.44,99,82,3.49,RU,1604257615
nabire,-3.37,135.48,76.69,87,96,4.16,ID,1604257615
leova,46.48,28.26,48.49,75,100,13.6,MD,1604257615
wanning,18.8,110.4,70.68,89,100,6.67,CN,1604257615
asau,46.43,26.4,42.01,91,0,4.61,RO,1604257525
namwala,-15.75,26.44,79.09,33,0,8.88,ZM,1604257616
portland,45.52,-122.68,61.0,60,0,3.83,US,1604257344
cidreira,-30.18,-50.21,66.45,62,21,9.48,BR,1604257616
labuhan,-6.88,112.21,77.74,84,90,5.39,ID,1604257617
awbari,26.59,12.78,64.53,51,0,7.34,LY,1604257617
mezhdurechensk,53.69,88.06,25.81,96,48,2.62,RU,1604257599
saint-joseph,-21.37,55.62,69.8,64,40,6.93,RE,1604257617
honiara,-9.43,159.95,73.4,100,20,5.23,SB,1604257618
inta,66.03,60.17,28.72,96,100,14.74,RU,1604257618
zvolen,48.57,19.15,46.4,93,90,1.12,SK,1604257618
lasa,46.62,10.7,50.0,66,75,3.36,IT,1604257477
puerto narino,-3.77,-70.38,84.2,74,75,3.36,CO,1604257487
broken hill,-31.95,141.43,60.8,59,0,5.82,AU,1604257482
sabha,27.04,14.43,65.75,47,0,7.85,LY,1604257619
batagay,67.63,134.63,-12.57,87,97,4.12,RU,1604257619
aquiraz,-3.9,-38.39,86.0,66,40,18.34,BR,1604257619
arman,59.7,150.17,30.6,95,100,7.76,RU,1604257620
aboisso,5.47,-3.21,77.4,90,99,4.16,CI,1604257620
dir,35.21,71.88,52.86,32,0,8.95,PK,1604257621
komsomolets,53.75,62.07,28.45,97,0,5.53,KZ,1604257621
meadow lake,34.8,-106.54,64.0,35,75,8.05,US,1604257325
zhangye,38.93,100.45,37.33,64,0,4.21,CN,1604257621
lask,51.59,19.13,50.0,95,100,1.99,PL,1604257621
santa cruz,-17.8,-63.17,91.4,19,0,13.87,BO,1604257366
yenagoa,4.92,6.26,77.11,92,100,5.1,NG,1604257622
oistins,13.07,-59.53,86.0,74,40,21.92,BB,1604257622
chapadinha,-3.74,-43.36,91.49,44,82,3.09,BR,1604257622
kirakira,-10.45,161.92,80.04,78,96,5.44,SB,1604257622
longyearbyen,78.22,15.64,30.2,74,40,24.16,SJ,1604257623
dunedin,-45.87,170.5,48.99,62,100,13.0,NZ,1604257461
gorele,41.03,39.0,62.6,77,75,12.75,TR,1604257623
verkhoyansk,67.54,133.38,-10.46,88,90,3.02,RU,1604257623
banda aceh,5.56,95.32,79.54,79,100,9.08,ID,1604257624
ouidah,6.36,2.09,82.4,78,40,11.41,BJ,1604257624
kerema,-7.96,145.78,78.98,87,97,3.13,PG,1604257624
new iberia,30.0,-91.82,73.4,46,1,16.11,US,1604257624
bay roberts,47.6,-53.26,41.0,72,100,5.01,CA,1604257625
qaqortoq,60.72,-46.03,26.6,68,0,4.7,GL,1604257625
lata,40.16,-8.33,66.99,97,96,1.99,PT,1604257625
ambilobe,-13.2,49.05,72.27,72,43,5.82,MG,1604257625
sinnamary,5.38,-52.95,85.23,67,100,11.97,GF,1604257575
victoria,22.29,114.16,75.99,73,99,1.99,HK,1604257626
sao joao da barra,-21.64,-41.05,73.4,69,75,16.11,BR,1604257626
san jose de guanipa,8.89,-64.17,87.33,57,80,5.88,VE,1604257459
talcahuano,-36.72,-73.12,55.4,82,90,8.05,CL,1604257627
bud,39.45,-86.18,42.8,45,75,13.87,US,1604257505
enshi,30.3,109.48,53.91,80,100,1.88,CN,1604257627
demerval lobao,-5.36,-42.68,100.4,31,40,5.82,BR,1604257627
buraydah,26.33,43.98,73.4,35,0,8.05,SA,1604257627
phalombe,-15.81,35.65,68.43,83,6,4.79,MW,1604257628
planeta rica,8.41,-75.59,84.94,71,90,2.71,CO,1604257628
nanortalik,60.14,-45.24,29.64,87,0,26.78,GL,1604257628
lincoln,40.8,-96.67,51.01,33,1,10.29,US,1604257409
vytegra,61.01,36.45,30.65,95,0,5.5,RU,1604257629
kinkala,-4.36,14.76,74.08,90,100,3.8,CG,1604257629
weatherford,32.76,-97.8,70.0,42,0,5.01,US,1604257629
herat,34.5,62.0,51.8,14,0,3.36,AF,1604257630
khudumelapye,-23.88,24.75,72.79,59,100,15.3,BW,1604257474
joshimath,30.57,79.57,49.21,48,0,3.38,IN,1604257630
udagamandalam,11.4,76.7,78.8,83,20,4.7,IN,1604257630
gouyave,12.16,-61.73,77.0,94,90,17.22,GD,1604257631
udalguri,26.77,92.13,70.74,88,41,2.98,IN,1604257631
missoula,47.02,-113.8,35.6,93,1,3.36,US,1604257112
namibe,-15.2,12.15,73.45,70,98,5.32,AO,1604257631
lluta,-16.01,-72.01,68.0,28,0,12.75,PE,1604257632
adrar,20.5,-10.07,83.66,15,100,9.64,MR,1604257490
tilichiki,60.47,166.1,25.07,96,41,5.21,RU,1604257632
puerto baquerizo moreno,-0.9,-89.6,73.4,83,75,9.17,EC,1604257632
karera,25.47,78.15,67.41,25,0,4.29,IN,1604257567
dicabisagan,17.08,122.42,79.21,85,100,8.34,PH,1604257633
libertador general san martin,-23.81,-64.79,90.0,20,0,4.0,AR,1604257633
kharp,66.8,65.81,24.69,96,46,7.11,RU,1604257633
egvekinot,66.32,-179.17,10.17,90,7,3.4,RU,1604257633
kalmunai,7.42,81.82,81.03,74,54,5.64,LK,1604257634
lanark,55.67,-3.78,51.01,99,100,14.36,GB,1604257634
richards bay,-28.78,32.04,64.98,83,100,5.44,ZA,1604257634
lichinga,-13.31,35.24,64.92,80,60,6.17,MZ,1604257634
nhulunbuy,-12.23,136.77,73.4,83,73,7.65,AU,1604257635
muriae,-21.13,-42.37,73.99,47,100,3.71,BR,1604257635
zhezkazgan,47.8,67.71,39.45,58,0,3.2,KZ,1604257477
henties bay,-22.12,14.28,55.99,90,87,1.19,NA,1604257635
rockhampton,-23.38,150.5,69.8,88,0,3.36,AU,1604257635
pell city,33.59,-86.29,69.8,46,1,11.41,US,1604257635
gidole,5.65,37.37,57.15,100,92,6.04,ET,1604257636
salvador,13.83,-88.92,89.6,61,20,9.17,SV,1604257488
gondanglegi,-7.75,112.01,75.51,86,100,6.31,ID,1604257618
tecpan,14.76,-90.99,75.99,63,75,34.45,GT,1604257636
pontecorvo,41.46,13.67,62.01,77,16,4.0,IT,1604257637
vila franca do campo,37.72,-25.43,69.8,94,40,13.87,PT,1604257470
carlyle,38.61,-89.37,48.99,36,0,8.01,US,1604257577
shediac,46.22,-64.54,50.0,63,75,18.34,CA,1604257637
okha,53.57,142.95,40.98,94,100,8.57,RU,1604257637
laguna,38.42,-121.42,73.0,37,1,3.96,US,1604257484
mirnyy,62.54,113.96,-7.6,83,0,8.95,RU,1604257638
porecatu,-22.76,-51.38,84.2,28,0,11.41,BR,1604257638
choma,-16.81,26.95,71.44,37,0,6.46,ZM,1604257638
grasse,43.67,6.92,60.8,82,90,0.65,FR,1604257638
leshukonskoye,64.9,45.76,29.62,96,92,7.87,RU,1604257639
caxito,-8.58,13.66,78.8,83,75,9.17,AO,1604257639
pitkyaranta,61.57,31.48,36.93,91,59,10.74,RU,1604257639
port macquarie,-31.43,152.92,64.0,74,100,4.0,AU,1604257639
verkhnyaya inta,65.98,60.31,28.15,97,100,14.79,RU,1604257640
gamba,-2.65,10.0,76.01,90,100,3.76,GA,1604257454
mocuba,-16.84,36.99,73.92,79,81,4.99,MZ,1604257640
tarata,-17.62,-66.02,80.6,24,20,5.82,BO,1604257640
tarrafal,15.28,-23.77,84.2,48,40,11.41,CV,1604257640
guarapari,-20.67,-40.5,75.2,69,75,12.75,BR,1604257641
tweed,44.48,-77.32,44.01,90,100,5.01,CA,1604257641
faanui,-16.48,-151.75,79.7,80,46,23.26,PF,1604257485
kabare,-2.47,28.82,62.28,83,100,1.1,CD,1604257641
ouargaye,11.5,0.06,86.36,21,0,7.02,BF,1604257642
srednekolymsk,67.45,153.68,-4.27,91,88,7.9,RU,1604257642
champerico,14.3,-91.92,87.8,62,75,9.17,GT,1604257642
tsiroanomandidy,-18.77,46.03,72.88,71,5,3.27,MG,1604257615
sarkand,45.41,79.92,43.2,53,26,3.8,KZ,1604257642
prado,-17.34,-39.22,69.87,94,100,10.63,BR,1604257457
san felipe,10.34,-68.74,81.9,82,99,4.79,VE,1604257643
husavik,66.04,-17.34,39.2,55,75,9.17,IS,1604257643
la rioja,42.25,-2.5,62.01,82,0,1.12,ES,1604257643
kandrian,-6.22,149.55,77.86,85,40,4.12,PG,1604257644
albanel,48.88,-72.45,37.4,69,100,13.87,CA,1604257644
kavaratti,10.57,72.64,82.06,71,0,4.5,IN,1604257644
smithers,54.78,-127.17,46.4,81,75,11.41,CA,1604257644
trairi,-3.28,-39.27,84.31,67,2,14.54,BR,1604257430
curup,-3.47,102.53,66.81,90,99,1.01,ID,1604257645
buala,-8.14,159.59,80.74,78,100,4.0,SB,1604257645
la ronge,55.1,-105.28,37.4,69,100,6.93,CA,1604257645
conceicao do araguaia,-8.26,-49.26,88.09,54,100,3.49,BR,1604257645
ukiah,39.15,-123.21,78.01,42,1,4.05,US,1604257646
padampur,29.68,73.62,67.05,22,0,3.22,IN,1604257646
panama city,8.99,-79.52,84.2,79,40,13.87,PA,1604257474
nijar,36.97,-2.21,63.0,93,0,2.21,ES,1604257419
ternate,0.8,127.4,81.5,79,100,5.5,ID,1604257646
luganville,-15.53,167.17,77.0,88,75,3.36,VU,1604257647
waipawa,-41.41,175.52,57.2,82,100,11.41,NZ,1604257647
waingapu,-9.66,120.26,79.27,76,91,4.25,ID,1604257575
terrace bay,48.78,-87.1,26.6,73,75,32.21,CA,1604257614
tura,25.52,90.22,70.0,96,97,2.59,IN,1604257647
clyde river,70.47,-68.59,10.4,85,90,10.29,CA,1604257458
noumea,-22.28,166.46,78.01,64,0,4.7,NC,1604257648
takoradi,4.88,-1.76,78.98,87,100,7.54,GH,1604257648
mercedes,-34.65,-59.43,79.0,41,0,3.0,AR,1604257648
umm kaddadah,13.6,26.69,86.72,18,0,14.76,SD,1604257537
corinto,37.94,22.96,64.0,58,10,1.01,GR,1604257501
teya,60.38,92.63,35.2,90,100,11.92,RU,1604257649
namatanai,-3.67,152.43,80.08,81,100,5.41,PG,1604257505
